Walor,Kurs (PLN),Zmiana (%),Otwarcie,Min,Max,Obrót (szt.),Obrót (PLN),"Czas
aktualizacji"
11 bit studios SA,259,-0.77,261.5,257.5,267,5576,1465089,2018-12-07
4Fun Media SA,12.5,-1.19,12.5,12.4,12.5,803,10003,2018-12-07
AB SA,17.05,-0.87,17.15,17,17.2,898,15403,2018-12-07
Abadon Real Estate SA,4.44,0,0,0,0,0,0,2018-12-06
ABC Data SA,0.82,0,0.82,0.82,0.84,93288,76956,2018-12-07
ABM Solid SA w upadłości układowej,4.56,-15.24,4.85,4.5,5,1332,6136,2018-12-07
AC SA,43,0.7,42.9,42.9,43,377,16174,2018-12-07
Action SA w restrukturyzacji,2.8,0,2.87,2.73,2.87,1013,2802,2018-12-07
Adiuvo Investments SA,9.3,-4.12,9.66,9.3,9.66,4470,42630,2018-12-07
Agora SA,10.7,0.47,11.6,10.65,11.6,3470,37843,2018-12-07
Agroton Plc,3.51,0.86,3.4,3.4,3.51,465,1596,2018-12-07
Ailleron SA,10.3,3,9.7,9.7,10.35,6434,64171,2018-12-07
Airway Medix SA,0.71,2.9,0.69,0.68,0.71,25253,17625,2018-12-07
Alchemia SA,4.7,0,4.76,4.62,4.76,13612,62922,2018-12-07
Alior Bank SA,54.85,-0.54,56,54.2,56,150642,8311416,2018-12-07
Alta SA,2.06,5.1,1.96,1.96,2.06,5003,9894,2018-12-07
Altus TFI SA,2.15,-4.44,2.15,2.06,2.19,88733,188891,2018-12-07
Alumetal SA,42.95,0.12,42.85,42.55,43.1,1758,75463,2018-12-07
Ambra SA,11.15,0,11.15,11.15,11.15,110,1227,2018-12-07
Amica SA,116.6,0.87,116,115.6,117.4,21314,2487328,2018-12-07
AmRest Holdings SE,40.5,1,39.45,39.45,40.8,91418,3680563,2018-12-07
Apator SA,25.2,3.7,24.9,24.9,25.5,3926,98698,2018-12-07
Aplisens SA,10.5,0,10.5,10.5,10.5,1,11,2018-12-07
APS Energia SA,2.34,0.43,2.34,2.34,2.34,1,2,2018-12-07
Archicom SA,11.9,0.85,11.9,11.9,11.9,2500,29750,2018-12-07
Arctic Paper SA,3.45,-1.43,3.46,3.45,3.49,13711,47449,2018-12-07
Arcus SA,1.3,0,0,0,0,0,0,2018-12-06
Arteria SA,5.68,-1.05,5.68,5.68,5.68,2,11,2018-12-07
Artifex Mundi SA,4.59,4.32,4.59,4.57,4.59,1837,8413,2018-12-07
ASBISc Enterprises PLC,2.74,1.86,2.69,2.69,2.75,38631,105311,2018-12-07
ASM Group SA,3.44,0,0,0,0,0,0,2018-12-06
Asseco BS SA,24.2,1.68,24.2,24.2,24.2,4,97,2018-12-07
Asseco Poland SA,47.06,-0.51,47.3,47.06,48,117538,5596690,2018-12-07
Asseco SEE SA,11.25,2.27,10.95,10.95,11.25,452,5060,2018-12-07
Astarta Holding NV,26.5,0.38,26.6,26.5,27.2,5485,147148,2018-12-07
Atal SA,29.7,-4.81,31,29.7,31,6639,200797,2018-12-07
Atende SA,3.79,-1.81,3.87,3.75,3.87,52282,197959,2018-12-07
Atlanta Poland SA,4.53,5.84,4.37,4.37,4.7,38336,174369,2018-12-07
Atlantis SE,0.52,-5.45,0.52,0.52,0.52,1463,761,2018-12-07
Atlas Estates Ltd.,1.1,-3.51,1.09,1.06,1.1,1662,1782,2018-12-07
ATM Grupa SA,4.8,0,4.8,4.78,4.8,160,765,2018-12-07
ATM SA,8.56,-4.89,8.18,8.18,8.58,70,598,2018-12-07
Atrem SA,1.51,-1.31,1.5,1.5,1.51,893,1340,2018-12-07
AUGA Group AB,1.74,0,0,0,0,0,0,2018-12-06
Auto Partner SA,3.68,0,3.7,3.65,3.7,125211,458299,2018-12-07
Awbud SA,0.71,1.43,0.7,0.7,0.75,14555,10526,2018-12-07
Baltic Bridge SA,0.88,0,0,0,0,0,0,2018-12-06
Baltona SA,9.28,4.27,8.88,8.88,9.28,50,444,2018-12-07
Banco Santander SA,17.3,0.12,17.5,17.3,17.5,120,2083,2018-12-07
Bank Handlowy SA,69.5,-0.71,70,69.1,71,15605,1088700,2018-12-07
Bank Millennium SA,9.01,-0.55,9.15,8.68,9.28,1619651,14755856,2018-12-07
Bank Pekao SA,108.75,0.18,109.5,108.15,110.95,367266,40282927,2018-12-07
BBI Development SA,0.63,0,0.65,0.62,0.65,54409,34632,2018-12-07
Benefit Systems SA,750,-2.34,774,746,774,5330,4029318,2018-12-07
Berling SA,3.9,-4.88,3.9,3.9,3.9,145,566,2018-12-07
Best SA,26.6,0,0,0,0,0,0,2018-12-06
Betacom SA,14.8,4.96,14.1,14.1,14.8,2286,32444,2018-12-07
BGŻ BNP Paribas SA,45.6,-1.94,46.5,45,46.5,62,2845,2018-12-07
Biomed Lublin SA,0.95,-10.38,1.02,0.95,1.04,116581,115617,2018-12-07
Bioton SA,5.66,0,5.7,5.66,5.77,16969,96776,2018-12-07
Biuro Inwestycji Kapitałowych SA,14.95,-0.33,15.1,14.95,15.1,2,30,2018-12-07
Boryszew SA,4.7,0,4.72,4.67,4.72,167600,787814,2018-12-07
Bowim SA,2.91,0,0,0,0,0,0,2018-12-06
BOŚ SA,7.9,1.02,7.73,7.73,8.05,19180,152471,2018-12-07
Braster SA,2.11,-5.38,2.33,2.05,2.36,1116917,2436734,2018-12-07
British Automotive Holding SA,1.87,3.89,1.82,1.79,1.95,986921,1871347,2018-12-07
BSC Drukarnia Opakowań SA,30.6,-8.38,31.6,30,31.8,1888,58083,2018-12-07
Budimex SA,130,3.34,126,126,133.4,22688,2952368,2018-12-07
Bumech SA w restrukturyzacji,0.24,0,0.24,0.24,0.24,112806,27073,2018-12-07
Capital Park SA,4.7,-3.29,4.82,4.7,4.82,2551,11990,2018-12-07
Capital Partners SA,2.3,0,2.23,2.23,2.3,60,134,2018-12-07
CCC SA,204.2,0.49,203,199.2,205.6,87811,17767486,2018-12-07
CD Projekt SA,144,0.21,145,143.7,149.7,253762,37236560,2018-12-07
CDRL SA,26.8,-0.37,26.8,26.8,26.8,2,54,2018-12-07
Celon Pharma SA,32.75,0.77,32.5,32.1,32.8,3312,107650,2018-12-07
Centrum Nowoczesnych Technologii SA,11.95,0.42,11.9,11.9,11.95,38,454,2018-12-07
Ceramika Nowa Gala SA,0.5,0,0.49,0.49,0.5,10100,5040,2018-12-07
CEZ a.s.,90,1.52,89.6,89.6,90,35,3145,2018-12-07
CFI Holding SA,0.48,0,0.48,0.48,0.48,87721,42106,2018-12-07
Chemoservis-Dwory SA,0.33,0,0,0,0,0,0,2018-12-06
CI Games SA,0.88,3.53,0.85,0.85,0.9,1365519,1189867,2018-12-07
Ciech SA,44.26,3.6,43.08,43.08,44.6,430006,18877394,2018-12-07
City Service SE,11.3,0,0,0,0,0,0,2018-12-06
Coal Energy SA,0.4,8.11,0.4,0.4,0.4,349,140,2018-12-07
Cognor Holding SA,1.79,0.56,1.78,1.75,1.8,135486,243425,2018-12-07
ComArch SA,160.5,0.31,160,159.5,160.5,1431,228891,2018-12-07
Comp SA,64,-0.78,63,63,64,166,10558,2018-12-07
COMPERIA-PDA,7.5,0,0,0,0,0,0,2018-12-06
Comperia.pl SA,7.5,0,0,0,0,0,0,2018-12-06
CPD SA,7,0,0,0,0,0,0,2018-12-06
CUBE.ITG SA w restrukturyzacji,0.06,50,0.05,0.05,0.06,1591,86,2018-12-07
Cyfrowy Polsat SA,22.2,-1.16,22.52,22,22.52,385866,8557752,2018-12-07
Czerwona Torebka SA,0.23,4.55,0.23,0.23,0.23,500,115,2018-12-07
Decora SA,15.15,-1.3,15.3,15.15,15.35,763,11686,2018-12-07
Dekpol SA,32.8,0,32.8,32,32.8,755,24560,2018-12-07
Delko SA,8.56,0.94,8.5,8.46,8.56,2193,18566,2018-12-07
DGA SA,8.66,2.36,8.96,8.3,8.96,476,4055,2018-12-07
Dino Polska SA,98.6,-0.6,98.5,96.65,101.1,312797,30940209,2018-12-07
Dom Development SA,65.6,0,66,65.6,67,10880,717996,2018-12-07
Drewex SA,0.3,0,0.3,0.3,0.3,496,149,2018-12-07
Drop SA,0.46,0,0.46,0.46,0.46,390,179,2018-12-07
Drozapol-Profil SA,1.45,3.57,1.45,1.45,1.45,10,15,2018-12-07
Dębica SA,95.6,-0.21,98,95.6,99.2,57,5491,2018-12-07
EC Będzin SA,21.7,-7.66,23.5,21.7,23.5,6,132,2018-12-07
Echo Investment SA,3.95,1.28,3.93,3.9,3.95,183132,720416,2018-12-07
ED Invest SA,1.91,0,1.91,1.91,1.91,2,4,2018-12-07
Efekt SA,21.8,1.4,22,21.5,22,8,173,2018-12-07
Eko Export SA,3.06,1.66,3,3,3.1,31183,95643,2018-12-07
Elektrobudowa SA,31.5,-0.94,31.5,31.5,32.5,355,11330,2018-12-07
Elektrotim SA,3.9,1.56,3.94,3.84,3.94,3930,15287,2018-12-07
Elemental Holding SA,1.2,-0.83,1.2,1.19,1.23,189567,229251,2018-12-07
Elkop SA,0.01,0,0.01,0.01,0.01,47967,480,2018-12-07
Elzab SA,5.8,0,0,0,0,0,0,2018-12-06
EMC Instytut Medyczny SA,6.7,-6.29,7.15,6.7,7.15,2,14,2018-12-07
Enea SA,10.9,-0.18,11.07,10.86,11.1,719089,7839542,2018-12-07
Enefi Plc.,1.5,0,0,0,0,0,0,2018-12-06
Enel-Med SA,9.6,0,0,0,0,0,0,2018-12-06
Energa SA,9.75,0.93,9.7,9.46,9.83,1059057,10265827,2018-12-07
Energoaparatura SA,1.04,-0.95,1.05,1.04,1.05,3042,3174,2018-12-07
Energoinstal SA,0.74,-6.33,0.78,0.74,0.78,1133,839,2018-12-07
Enter Air SA,19.5,0,19.5,19.4,19.5,8999,175461,2018-12-07
Erbud SA,10.4,5.05,9.9,9.54,10.45,2409,24055,2018-12-07
ERG SA,35.2,-16.19,36.5,34.2,36.5,1606,57012,2018-12-07
Ergis SA,2.8,0,2.8,2.76,2.8,7585,21198,2018-12-07
ES-System SA,2.36,0.85,2.36,2.36,2.36,1,2,2018-12-07
Esotiq&Henderson SA,17.2,2.38,16.95,16.8,17.4,278,4733,2018-12-07
EuCO SA,6.84,0.29,6.82,6.82,6.84,732,5007,2018-12-07
Eurocash SA,17.3,-2.09,17.91,17.16,18.15,542862,9488045,2018-12-07
Eurohold Bulgaria AD,3.68,0,0,0,0,0,0,2018-12-06
Eurotel SA,18.8,-0.53,18.9,18.5,18.9,255,4758,2018-12-07
Everest Investments SA,0.6,0,0.6,0.6,0.6,9980,5988,2018-12-07
Famur SA,5.7,-1.38,5.78,5.7,5.8,49945,288108,2018-12-07
Fasing SA,16.25,1.56,15.9,15.9,16.25,995,15971,2018-12-07
Fast Finance SA,0.09,0,0,0,0,0,0,2018-12-06
Feerum SA,8.4,-10.45,9.58,8.4,9.58,3447,29127,2018-12-07
Fenghua SoleTech AG,17.5,0,0,0,0,0,0,2018-12-06
Ferro SA,12.6,-1.95,13,12.5,13.2,154,1944,2018-12-07
Ferrum SA,4.16,-0.24,4.17,4,4.17,4266,17240,2018-12-07
Financial Assets Management Group SA,29,0,0,0,0,0,0,2018-12-06
Forte SA,25,3.95,24.25,24.25,26.15,67506,1702540,2018-12-07
GetBack SA w restrukturyzacji,3.75,0,0,0,0,0,0,2018-12-06
Getin Holding SA,0.15,7.14,0.14,0.14,0.15,1046191,149162,2018-12-07
Getin Noble Bank SA,0.32,3.23,0.31,0.31,0.33,4601557,1475132,2018-12-07
Gino Rossi SA,0.43,4.88,0.41,0.4,0.45,1639176,718762,2018-12-07
GK Immobile SA,3.15,5,3.13,3,3.18,26358,80941,2018-12-07
Global Cosmed SA,0.82,-5.75,0.91,0.82,0.91,12200,10499,2018-12-07
Globalworth Poland Real Estate NV,5.2,0,5.2,5.2,5.2,531,2761,2018-12-07
Gobarto SA,8.5,6.25,7.8,7.8,8.58,11088,91192,2018-12-07
GPM Vindexus SA,7.36,5.14,7.02,7,7.36,2088,14734,2018-12-07
GPW SA,38.05,3.82,37.1,37,38.65,68487,2607312,2018-12-07
Graviton Capital SA,1.53,-1.29,1.55,1.53,1.55,2001,3062,2018-12-07
Groclin SA,3.22,0.63,3.24,3.22,3.45,173514,581332,2018-12-07
Grodno SA,3.69,0,3.69,3.5,3.69,14859,52820,2018-12-07
Grupa Azoty SA,31.48,-4.61,33.4,31.18,34,236730,7698399,2018-12-07
Grupa Kęty SA,330.5,-2.79,346.5,330.5,346.5,402,134921,2018-12-07
Grupa Lotos SA,82.34,-2.14,83.78,82.2,85.5,210085,17580265,2018-12-07
Grupa Żywiec SA,468,0.86,468,468,468,3,1404,2018-12-07
GTC SA,8.65,1.76,8.42,8.42,8.65,53605,455629,2018-12-07
Harper Hygienics SA,0.14,-6.67,0.16,0.14,0.16,53601,7836,2018-12-07
Helio SA,10.15,-5.14,10.5,10.15,10.5,151,1533,2018-12-07
Herkules SA,3,0.33,2.99,2.99,3.02,8931,26846,2018-12-07
Hollywood SA,0.94,0,0.99,0.92,0.99,13724,12676,2018-12-07
HubStyle SA,0.48,0,0,0,0,0,0,2018-12-06
Hydrotor SA,34.8,2.96,33.8,33.8,34.8,103,3484,2018-12-07
Hyperion SA w upadłości,0.28,0,0,0,0,0,0,2018-12-06
i2 Development SA,11.2,0,0,0,0,0,0,2018-12-06
IBSM SA,15,0,0,0,0,0,0,2018-12-06
Idea Bank SA,2.18,0,2.18,2.14,2.18,188358,408855,2018-12-07
IDM SA w upadłości układowej,1.07,3.88,1.02,1.02,1.07,717,734,2018-12-07
iFirma SA,2.27,0,2.27,2.27,2.27,60,136,2018-12-07
IMC SA,13.1,1.16,13.3,13.1,13.3,2,26,2018-12-07
Immofinanz AG,90.1,2.21,88.15,88.15,90.1,77,6801,2018-12-07
Impel SA,7.9,-0.63,7.95,7.2,7.95,436,3169,2018-12-07
Impera Capital SA,1.11,-0.89,1.12,1.11,1.15,279,315,2018-12-07
Impexmetal SA,3.42,0,3.4,3.35,3.46,1140333,3898010,2018-12-07
IMS SA,3.38,0,3.38,3.36,3.38,1980,6682,2018-12-07
INC SA,0.94,0,0.94,0.91,0.94,368,335,2018-12-07
Indata SA w upadłości,0.31,0,0,0,0,0,0,2018-12-06
IndygoTech Minerals SA,0.25,0,0,0,0,0,0,2018-12-06
Indykpol SA,66,0,66,66,66,1,66,2018-12-07
ING Bank Śląski SA,180,0,179.2,179.2,181,1744,313999,2018-12-07
Inpro SA,4.5,0,4.5,4.5,4.5,1,5,2018-12-07
Instal Kraków SA,12.15,0,12.3,12.05,12.3,4993,61106,2018-12-07
Inter Cars SA,203,-0.25,203.5,201,203.5,389,78726,2018-12-07
Inter Rao Lietuva AB,10.55,-2.31,10.55,10.5,10.75,460,4897,2018-12-07
Interbud-Lublin SA,0.25,13.64,0.21,0.21,0.25,12687,3096,2018-12-07
Interferie SA,3.72,0,0,0,0,0,0,2018-12-06
Interma Trade SA,1.11,0.91,1.13,1.1,1.13,1106,1222,2018-12-07
Intersport Polska SA,1.91,-3.54,1.98,1.91,1.98,1379,2641,2018-12-07
Introl SA,3.78,0,0,0,0,0,0,2018-12-06
Invista SA,0.81,-10,0.9,0.81,0.9,2904,2410,2018-12-07
IPF plc,9.3,0,0,0,0,0,0,2018-12-06
Ipopema Securities SA,1.16,0,1.16,1.16,1.16,45,52,2018-12-07
IQ Partners SA,0.44,7.32,0.41,0.41,0.45,100622,42690,2018-12-07
Izoblok SA,31.5,0,31.5,30.8,31.5,5590,175648,2018-12-07
Izolacja Jarocin SA,1.73,0,1.73,1.63,1.73,492,803,2018-12-07
Izostal SA,3.09,-0.64,3.11,3.09,3.12,327,1017,2018-12-07
J.W. Construction Holding SA,2.32,-3.33,2.4,2.24,2.4,24929,57655,2018-12-07
JHM Development SA,1.59,0,1.59,1.59,1.59,2,3,2018-12-07
JJ Auto AG,9.7,0,0,0,0,0,0,2018-12-06
JSW SA,68.62,-0.06,69.46,67.88,69.96,135128,9310149,2018-12-07
JWW Invest SA,1.02,0,0,0,0,0,0,2018-12-06
K2 Internet SA,11.85,0,11.45,11.45,11.85,185,2119,2018-12-07
KB Dom SA,0.5,0,0,0,0,0,0,2018-12-06
KCI SA,0.46,0,0.46,0.46,0.46,6851,3151,2018-12-07
KDM Shipping Public Ltd.,1.37,0,0,0,0,0,0,2018-12-06
Kernel Holding SA,52.9,-0.56,53.2,52.6,53.5,29163,1545507,2018-12-07
KGHM Polska Miedź SA,89,-0.36,89.92,88.1,90.2,624892,55550026,2018-12-07
Kino Polska TV SA,11.2,0,11.2,11.2,11.2,1030,11536,2018-12-07
Kogeneracja SA,45,-0.66,44.1,44.1,45.5,64,2869,2018-12-07
Kompap SA,6.25,0,0,0,0,0,0,2018-12-06
Komputronik SA,3.27,-2.1,3.34,3.27,3.34,30,98,2018-12-07
Konsorcjum Stali SA,28,3.32,27,27,28,461,12907,2018-12-07
Korporacja KGL SA,16.6,0,16.6,16,16.6,2106,33870,2018-12-07
KPPD SA,21.6,0,0,0,0,0,0,2018-12-06
Krakchemia SA,1.16,5.45,1.1,1.06,1.16,2340,2512,2018-12-07
Kredyt Inkaso SA,12.9,0,12.9,12.9,12.9,1,13,2018-12-07
Krezus SA,0.55,0,0.55,0.54,0.56,516514,284289,2018-12-07
KRKA DD,234,0,0,0,0,0,0,2018-12-06
Kruk SA,168,-0.3,169.1,167.4,171.6,71843,12135688,2018-12-07
Kruszwica SA,41.9,-0.24,41.6,41,41.9,292,12104,2018-12-07
Krynica Vitamin SA,5.84,0.34,5.86,5.66,6.08,2586,15123,2018-12-07
Krynicki Recykling SA,4.96,3.33,4.97,4.8,4.97,1325,6365,2018-12-07
KSG Agro SA,0.75,7.14,0.75,0.75,0.75,1834,1376,2018-12-07
Labo Print SA,13.8,0,13.8,13.8,13.8,4,55,2018-12-07
Lark.pl SA,0.15,0,0,0,0,0,0,2018-12-06
Larq SA,6.68,-0.89,6.72,6.46,6.72,272,1758,2018-12-07
LC Corp SA,2.45,-0.41,2.46,2.45,2.5,112012,276363,2018-12-07
Lena Lighting SA,2.72,0.74,2.73,2.72,2.73,1227,3337,2018-12-07
Lentex SA,7.46,0,7.36,7.36,7.46,836,6155,2018-12-07
Libet SA,1.17,8.33,1.13,1.09,1.18,27599,30804,2018-12-07
LiveChat Software SA,26.8,-0.37,26.8,26.6,27,19838,530498,2018-12-07
Lokum Deweloper SA,17.3,0,17.2,17.2,17.3,4,69,2018-12-07
LPP SA,7755,-1.27,7895,7675,7895,1864,14459305,2018-12-07
LSI Software SA,12.45,0,0,0,0,0,0,2018-12-06
Lubawa SA,0.67,6.35,0.63,0.62,0.68,250693,165116,2018-12-07
LW Bogdanka SA,54.2,-1.45,55.8,53.8,55.9,5531,300013,2018-12-07
Mabion SA,92.5,0,93,92,93,5980,553407,2018-12-07
Makarony Polskie SA,4.42,1.84,4.4,4.4,4.42,441,1945,2018-12-07
Mangata Holding SA,68,-2.58,68,68,68,54,3672,2018-12-07
Marie Brizard Wine & Spirits,17.4,0,0,0,0,0,0,2018-12-06
Marvipol Development SA,3.19,-0.31,3.19,3.16,3.2,4710,15047,2018-12-07
Master Pharm SA,5.86,-1.35,5.94,5.76,5.94,3861,22547,2018-12-07
Maxcom SA,16.6,-2.06,16.9,16.3,16.9,1816,29776,2018-12-07
mBank SA,416.2,-2.98,425.4,412.6,436,31367,13238864,2018-12-07
MCI Capital SA,9.6,-0.41,9.6,9.6,9.6,150,1440,2018-12-07
MDI Energia SA,3.3,0.92,3.4,3.3,3.4,2006,6720,2018-12-07
Mediacap SA,1.74,-1.69,1.76,1.74,1.76,175,305,2018-12-07
Mediatel SA,0.74,0,0,0,0,0,0,2018-12-06
Medicalgorithmics SA,30.65,4.97,28.55,28.55,30.95,13136,396604,2018-12-07
Megaron SA,12.5,0,0,0,0,0,0,2018-12-06
Mennica Polska SA,19.3,2.66,18.9,18.9,19.3,421,8051,2018-12-07
Mercator Medical SA,11.9,1.71,11.6,11.5,11.9,2923,34009,2018-12-07
Mercor SA,8.5,-3.19,8.88,8.5,8.88,3787,32268,2018-12-07
Mex Polska SA,3.7,0,3.7,3.7,3.7,1,4,2018-12-07
MFO SA,19.5,0,19.4,19.4,19.5,95,1847,2018-12-07
Milkiland NV,0.22,0,0.22,0.22,0.22,407989,89758,2018-12-07
Miraculum SA,1.53,-3.16,1.57,1.53,1.58,1651,2543,2018-12-07
Mirbud SA,1.01,3.06,0.98,0.96,1.03,89912,90315,2018-12-07
ML System SA,27,-0.95,27.2,27,27.2,50,1351,2018-12-07
MLP Group SA,44,0,44,44,44,10,440,2018-12-07
Mo-Bruk SA,44.6,0,44.6,44.6,44.6,1,45,2018-12-07
MOJ SA,0.62,1.64,0.6,0.58,0.62,21184,12814,2018-12-07
MOL Rt.,40.5,0,0,0,0,0,0,2018-12-06
Monnari Trade SA,4.67,-0.64,4.7,4.64,4.7,6292,29358,2018-12-07
Mostostal Płock SA,3.2,-6.71,3.41,3.15,3.41,5451,17414,2018-12-07
Mostostal Warszawa SA,2.22,-1.77,2.27,2.21,2.27,4780,10675,2018-12-07
Mostostal Zabrze SA,0.24,0,0.24,0.24,0.24,90175,21642,2018-12-07
Muza SA,2.76,0,0,0,0,0,0,2018-12-06
MW Trade SA,2.98,2.05,2.98,2.98,2.98,12,36,2018-12-07
MZN Property SA,1.2,0,1.2,1.2,1.2,122,146,2018-12-07
NanoGroup SA,2.8,0,0,0,0,0,0,2018-12-06
Netia SA,4.6,-2.75,4.64,4.56,4.73,796202,3662804,2018-12-07
Netmedia SA,10,0,10,10,10,326,3260,2018-12-07
Neuca SA,255.5,-1.73,258,255.5,259,202,51824,2018-12-07
New World Resources Plc,0.02,0,0,0,0,0,0,2018-12-06
Newag SA,14.9,-0.67,15.1,14.2,15.4,7876,116434,2018-12-07
North Coast SA,4.51,7.38,4.3,4.3,4.51,61,264,2018-12-07
Novaturas AB,33.5,0,0,0,0,0,0,2018-12-06
Novita SA,42.6,0,0,0,0,0,0,2018-12-06
NTT System SA,2.43,2.53,2.43,2.43,2.43,10,24,2018-12-07
Octava SA,0.84,3.7,0.84,0.84,0.84,1295,1088,2018-12-07
Odlewnie Polskie SA,2.98,0,2.92,2.92,2.98,6035,17830,2018-12-07
OEX SA,16.7,2.45,16.7,16.7,16.7,20,334,2018-12-07
OncoArendi Therapeutics SA,18.5,-4.59,19.8,18.5,19.8,10,186,2018-12-07
Open Finance SA,0.22,-8.33,0.24,0.22,0.25,457541,105609,2018-12-07
Oponeo.pl SA,23.4,1.3,23.5,23,23.8,1619,38034,2018-12-07
OPTeam SA,5.1,2,5,5,5.1,2019,10097,2018-12-07
Orange Polska SA,4.84,1.47,4.79,4.77,4.94,3112506,15195432,2018-12-07
Orbis SA,93.4,-1.06,92,92,94.4,2853,266006,2018-12-07
Orco Property Group SA,1.6,0,1.49,1.49,1.6,137,210,2018-12-07
Orion Investment SA,7.75,0,7.75,7.75,7.75,11,85,2018-12-07
Orzeł Biały SA,10.6,0,10.6,10.6,10.6,5,53,2018-12-07
OT Logistics SA,4.68,-2.5,4.32,4.32,4.96,3518,15909,2018-12-07
Ovostar Union NV,114,0,0,0,0,0,0,2018-12-06
PA Nova SA,15.25,-11.34,16.7,15.25,16.7,4676,74434,2018-12-07
Pamapol SA,1.07,0,0,0,0,0,0,2018-12-06
Patentus SA,0.93,5.68,0.9,0.88,0.93,9210,8143,2018-12-07
PBG SA,0.1,11.11,0.09,0.09,0.1,6804656,652945,2018-12-07
PBS Finanse SA,0.26,0,0.26,0.26,0.26,5898,1533,2018-12-07
PC Guard SA,1.17,0,0,0,0,0,0,2018-12-06
PCC Exol SA,1.55,0.65,1.58,1.55,1.58,840,1324,2018-12-07
PCC Rokita SA,83.8,0,83.8,83.8,84,1355,113785,2018-12-07
Peixin International Group NV,0.9,11.11,0.9,0.9,0.9,100,90,2018-12-07
Pekabex SA,12.9,-0.77,12.9,12.5,12.9,3050,38675,2018-12-07
Pepees SA,1.25,0,1.25,1.25,1.25,1,1,2018-12-07
Pfleiderer Group SA,32,0,32,32,32,2,64,2018-12-07
PGE SA,11.65,-0.26,11.7,11.53,11.75,1349162,15676659,2018-12-07
PGNiG SA,7,3.09,6.83,6.79,7.07,6001194,41666543,2018-12-07
PGO SA,2.98,-0.67,2.98,2.98,2.98,13,39,2018-12-07
PGS Software,9.3,0.22,9.28,9.28,9.3,316,2933,2018-12-07
PKN Orlen SA,106.85,-0.6,107.85,105.8,109.35,451403,48632317,2018-12-07
PKO BP SA,40.03,-1.45,40.78,39.98,41.24,1367982,55604433,2018-12-07
PKP Cargo SA,44.8,0.9,44.7,44.5,45.5,45246,2032197,2018-12-07
Plast-Box SA,1.68,0.6,1.69,1.68,1.69,31,52,2018-12-07
Platynowe Inwestycje SE,0.51,0,0,0,0,0,0,2018-12-06
Play Communications SA,19.06,7.02,18.14,18.09,19.67,2564637,49194947,2018-12-07
PlayWay SA,143,-0.35,144,142.5,147,13144,1904647,2018-12-07
Plaza Centers NV,2.74,0,2.74,2.74,2.74,201,551,2018-12-07
PME SA,0.87,0,0,0,0,0,0,2018-12-06
PMPG Polskie Media SA,3.07,-2.54,3.2,3.07,3.2,5413,16679,2018-12-07
Polenergia SA,19.4,-3,20,19.3,20.1,4251,83314,2018-12-07
Police SA,14.2,3.27,14,14,14.2,379,5365,2018-12-07
Polimex-Mostostal SA,3.02,0.33,3.03,2.99,3.11,250449,761820,2018-12-07
Polnord SA,9.99,-0.1,10,9.92,10.08,9395,93898,2018-12-07
Polski Bank Komórek Macierzystych SA,59.2,-1,59.8,59.2,59.8,9492,567460,2018-12-07
Polski Holding Nieruchomości SA,9.1,0.89,9.12,8.9,9.12,942,8485,2018-12-07
Polwax SA,6.98,1.16,6.92,6.92,6.98,10405,72255,2018-12-07
Pozbud T&R SA,2.55,-1.54,2.55,2.55,2.55,2,5,2018-12-07
Pragma Faktoring SA,16.55,0,0,0,0,0,0,2018-12-06
Pragma Inkaso SA,10,0,10,9.3,10,35,343,2018-12-07
Prairie Mining Ltd.,1.15,-1.71,1.17,1.15,1.18,27548,32006,2018-12-07
Prima Moda SA,2.67,0,0,0,0,0,0,2018-12-06
Prime Car Management SA,12.6,0.4,12.6,12.55,12.75,1670,21067,2018-12-07
Primetech SA,1.53,0,1.59,1.53,1.71,350071,572035,2018-12-07
Private Equity Managers SA,24.5,-0.81,25.2,24,25.2,2523,62260,2018-12-07
Procad SA,1.52,0,1.52,1.52,1.52,66,100,2018-12-07
Prochem SA,15.75,0,16.5,15.1,16.5,169,2590,2018-12-07
Projprzem Makrum SA,23,-1.71,23.4,22.6,23.4,326,7468,2018-12-07
Protektor SA,4.7,5.15,4.49,4.21,4.7,31460,143592,2018-12-07
Próchnik SA w upadłości,0.01,0,0.01,0.01,0.01,122068,1221,2018-12-07
Puławy SA,70,-2.51,71.6,70,72,1058,75357,2018-12-07
PZ Cormay SA,1.02,-2.86,1.03,1,1.05,140645,143732,2018-12-07
PZU SA,42.86,-0.79,43.26,42.74,44.12,2430469,105857402,2018-12-07
Quantum Software SA,14,0,0,0,0,0,0,2018-12-06
Quercus TFI SA,2.35,-2.08,2.35,2.35,2.35,2660,6251,2018-12-07
Qumak SA,0.28,27.27,0.21,0.21,0.28,498566,127058,2018-12-07
R22 SA,16.22,1,16.04,16.04,16.22,18,289,2018-12-07
Radpol SA,1.16,-3.33,1.18,1.13,1.18,50074,57756,2018-12-07
Rafako SA,1.97,4.79,1.88,1.88,1.98,138652,270572,2018-12-07
Rafamet SA,9.5,-5,10.4,9.5,10.4,19,185,2018-12-07
Rainbow Tours SA,22,1.38,22.5,22,22.5,5379,118762,2018-12-07
Rank Progress SA,1.67,3.73,1.65,1.65,1.67,8390,13882,2018-12-07
Rawlplug SA,9.2,1.77,9.2,9.2,9.2,1,9,2018-12-07
Redan SA,0.58,0,0.58,0.57,0.58,739,426,2018-12-07
Redwood Holding SA w restrukturyzacji,0.07,16.67,0.07,0.07,0.07,7,0,2018-12-07
Reinhold Europe AB,0.17,0,0.17,0.17,0.17,770,131,2018-12-07
Relpol SA,7.6,-0.52,7.46,7.46,7.6,239,1787,2018-12-07
Remak SA,9.26,-0.86,9.26,8.9,9.26,1045,9317,2018-12-07
Ronson Development SE,0.88,-6.38,0.94,0.87,0.94,53818,47713,2018-12-07
Rubicon Partners SA,0.77,-3.75,0.82,0.75,0.82,372,282,2018-12-07
Sadovaya Group SA,0.12,0,0,0,0,0,0,2018-12-06
Sanok Rubber Company SA,29.2,0.69,29,29,29.2,479,13901,2018-12-07
SANPL2,350,-0.57,350,350,350,60,21000,2018-12-07
Santander Bank Polska SA,347,-1.7,357.8,346.8,358,51747,18301349,2018-12-07
Sanwil SA,0.58,-6.45,0.58,0.58,0.58,1129,655,2018-12-07
Sare SA,5.45,4.81,5,5,5.45,510,2555,2018-12-07
Satis Group SA,1.32,0,0,0,0,0,0,2018-12-06
Sco-Pak SA w restrukturyzacji,0.06,0,0,0,0,0,0,2018-12-06
Seco/Warwick SA,15.8,0,0,0,0,0,0,2018-12-06
Seko SA,8.7,0.58,8.55,8.5,8.7,6536,55677,2018-12-07
Selena FM SA,9.5,-2.06,9.5,9.5,9.5,500,4750,2018-12-07
Selvita SA,49.3,3.79,48.9,47,49.3,2181,106119,2018-12-07
Serinus Energy Inc.,0.72,4.35,0.69,0.69,0.73,61921,44254,2018-12-07
Sescom SA,28.2,0,28.2,28.2,28.2,1,28,2018-12-07
Setanta ASI SA,1.39,0,1.39,1.39,1.39,197,274,2018-12-07
Sfinks SA,0.95,6.74,0.85,0.85,0.95,29488,26994,2018-12-07
Silvano Group AS,10.2,0,10.1,10.1,10.2,61,617,2018-12-07
Simple SA,7,0,7,6.4,7,1872,12020,2018-12-07
Skarbiec Holding SA,23,-2.13,23.5,23,23.5,2550,58839,2018-12-07
Skotan SA,0.35,0,0.35,0.35,0.35,64083,22429,2018-12-07
Skyline Investment SA,0.69,7.81,0.64,0.64,0.69,3276,2188,2018-12-07
Sleepz AG,4.14,-5.48,4.38,4.08,4.38,1439,5949,2018-12-07
Soho Development SA,1.02,0,1.05,1.02,1.05,20174,20810,2018-12-07
Solar Company SA,0.51,-5.56,0.53,0.5,0.53,10020,5143,2018-12-07
Sonel SA,6.38,0,6.36,6.36,6.38,50,319,2018-12-07
Sopharma AD,8,0,0,0,0,0,0,2018-12-06
Stalexport Autostrady SA,3.3,-0.3,3.3,3.26,3.3,37581,123664,2018-12-07
Stalprodukt SA,313,-2.19,322.5,308,322.5,3031,951022,2018-12-07
Stalprofil SA,10.4,0,0,0,0,0,0,2018-12-06
Starhedge SA,0.54,0,0,0,0,0,0,2018-12-06
Stelmet SA,7.58,1.34,7.7,7.48,7.8,5864,44619,2018-12-07
Sunex SA,3.34,7.05,3.11,3.11,3.34,3004,9646,2018-12-07
Suwary SA,14,0,14,13.2,14,12,160,2018-12-07
Swissmed CZ SA,1.03,0,1.03,1.03,1.03,138,142,2018-12-07
Sygnity SA,2.9,5.45,2.75,2.75,2.9,1449,4059,2018-12-07
Synektik SA,9.5,-2.06,9.68,9.2,9.68,6158,58275,2018-12-07
T-Bull SA,32,3.23,32.4,31.2,32.6,4899,156066,2018-12-07
Talanx AG,130,0,0,0,0,0,0,2018-12-06
Talex SA,11.7,-4.1,11.7,11.7,11.7,121,1416,2018-12-07
Tarczyński SA,17.7,0,17,17,17.7,510,8887,2018-12-07
Tatry Mountain Resorts AS,122,0,0,0,0,0,0,2018-12-06
Tauron Polska Energia SA,2.33,0.43,2.32,2.3,2.36,3396487,7930843,2018-12-07
Ten Square Games SA,79.99,2.55,78.97,78.97,82.3,10173,819003,2018-12-07
Termo-Rex SA,0.58,0,0.58,0.58,0.58,43,25,2018-12-07
Tesgas SA,2.94,-6.67,3.17,2.94,3.17,3723,11006,2018-12-07
TIM SA,7.38,0.27,7.36,7.3,7.38,18850,138397,2018-12-07
Torpol SA,4.5,1.12,4.45,4.42,4.58,41334,185646,2018-12-07
Tower Investments SA,25,-0.4,25,25,25,10,250,2018-12-07
Toya SA,7.7,-3.02,8,7.7,8,3,23,2018-12-07
Trakcja PRKiI SA,3.6,3.75,3.55,3.53,3.67,269934,975158,2018-12-07
Trans Polonia SA,2.79,0,2.79,2.72,2.79,506,1390,2018-12-07
Triton Development SA,2.31,5.96,2.25,2.25,2.31,7512,17140,2018-12-07
TXM SA,0.29,3.57,0.29,0.29,0.3,19274,5613,2018-12-07
Ulma SA,72,0,72,72,72,1,72,2018-12-07
Unibep SA,4.73,-0.42,4.77,4.73,4.77,34569,163760,2018-12-07
UniCredit SpA,47.4,-0.38,47.4,47.4,47.4,190,9006,2018-12-07
Unima 2000 SA,2.14,3.38,2.07,2.07,2.14,270,561,2018-12-07
Unimot SA,8.6,0,0,0,0,0,0,2018-12-06
Ursus SA,1.45,15.08,1.3,1.29,1.54,4254959,6200339,2018-12-07
Venture Inc SA,1.67,0,1.67,1.67,1.67,4400,7348,2018-12-07
Vigo System SA,269,0.37,269,269,269,8,2152,2018-12-07
Vistal Gdynia SA w restrukturyzacji,0.84,0,0.84,0.81,0.86,42826,35549,2018-12-07
Vivid Games SA,1.47,-3.29,1.52,1.42,1.61,181618,271437,2018-12-07
Votum SA,4.8,0.42,4.5,4.5,4.8,85,407,2018-12-07
Voxel SA,24.7,-0.4,24.4,24.4,24.8,114,2795,2018-12-07
VRG SA,3.83,-0.26,3.84,3.79,3.84,73552,281307,2018-12-07
Wadex SA,4.76,1.49,4.68,4.68,4.76,229,1075,2018-12-07
Warimpex AG,4.74,6.04,4.56,4.56,4.74,1700,7770,2018-12-07
Wasko SA,1.32,5.6,1.25,1.25,1.32,53356,68187,2018-12-07
Wawel SA,860,0.23,858,852,860,35,30038,2018-12-07
Wielton SA,9.7,-0.61,9.91,9.7,9.98,10734,105997,2018-12-07
Wikana SA,0.78,0,0.73,0.73,0.78,1972,1477,2018-12-07
Wirtualna Polska Holding SA,50.6,-2.69,52,50.6,52,7445,384802,2018-12-07
Wittchen SA,15,0.67,15.25,14.5,15.25,16015,240357,2018-12-07
Wojas SA,3.9,4,3.75,3.65,3.9,2216,8151,2018-12-07
Work Service SA,1.06,0.95,1.13,1.06,1.18,893675,997430,2018-12-07
XTB DM SA,4.91,-1.21,4.98,4.81,4.98,3920,19018,2018-12-07
Yolo SA,2.35,3.52,2.35,2.15,2.35,144,333,2018-12-07
Zamet SA,0.7,2.94,0.65,0.65,0.7,60,40,2018-12-07
Zastal SA,0.44,2.33,0.43,0.39,0.44,7520,3131,2018-12-07
ZE PAK SA,7.4,2.35,7.29,7.23,7.46,1159616,8582624,2018-12-07
ZM Henryk Kania SA,1.04,0,1.04,1.02,1.05,88118,91262,2018-12-07
ZM Ropczyce SA,33.9,3.67,31.9,31.9,34,1836,60874,2018-12-07
ZPC Otmuchów SA,1.78,-0.56,1.79,1.7,1.79,229,401,2018-12-07
ZPUE SA,88,-0.56,91,88,91,138,12147,2018-12-07
ZUE SA,4.52,-3.62,4.84,4.51,4.84,110,497,2018-12-07
ZUK Stąporków SA,1.43,10,1.43,1.43,1.43,9197,13152,2018-12-07
Śnieżka SA,73.5,0,73.5,72.5,73.5,41,2989,2018-12-07
